{
  "project_info": {
    "project_number": "857990028281",
    "firebase_url": "https://capstone-8abce.firebaseio.com",
    "project_id": "capstone-8abce",
    "storage_bucket": "capstone-8abce.appspot.com"
  },
  "client": [
    {
      "client_info": {
        "mobilesdk_app_id": "1:857990028281:android:aa0885844b407b61",
        "android_client_info": {
          "package_name": "com.example.capstone"
        }
      },
      "oauth_client": [
        {
          "client_id": "857990028281-d170b5q00qtbks3chaip32g3d4lck4o1.apps.googleusercontent.com",
          "client_type": 3
        }
      ],
      "api_key": [
        {
          "current_key": "AIzaSyBkPFGm5NikIAJBGQn3oPwNuEsfnIteeTs"
        }
      ],
      "services": {
        "analytics_service": {
          "status": 1
        },
        "appinvite_service": {
          "status": 1,
          "other_platform_oauth_client": []
        },
        "ads_service": {
          "status": 2
        }
      }
    }
  ],
  "configuration_version": "1"
}