{
  "project_info": {
    "project_number": "702830898994",
    "firebase_url": "https://geoloc-ece457.firebaseio.com",
    "project_id": "geoloc-ece457",
    "storage_bucket": "geoloc-ece457.appspot.com"
  },
  "client": [
    {
      "client_info": {
        "mobilesdk_app_id": "1:702830898994:android:1b4ea8fb362e8244",
        "android_client_info": {
          "package_name": "com.example.jsayd.login"
        }
      },
      "oauth_client": [
        {
          "client_id": "702830898994-kfqdgnmt3cnob89oq9h2fqbfj59gpu2e.apps.googleusercontent.com",
          "client_type": 3
        }
      ],
      "api_key": [
        {
          "current_key": "AIzaSyCG_4RQHuoyB5WO4Rht8LUNz_YCbA5Phqo"
        }
      ],
      "services": {
        "analytics_service": {
          "status": 1
        },
        "appinvite_service": {
          "status": 1,
          "other_platform_oauth_client": []
        },
        "ads_service": {
          "status": 2
        }
      }
    }
  ],
  "configuration_version": "1"
}